function,group,item,no,no_nas,qual_id,su_qual_id,visible,skey_sid_hex,qual_sid_hex,qual_lid_hex,param_unit,param_data_type,param_byte_pos,param_byte_len,param_byte_ord,param_bit_pos,param_bit_len,param_bit_mask,scale_no,scale_up_bound,scale_low_bound,scale_range_id,scale_range_label,scale_factor,scale_offset,scale_format,scale_labels
Data List,All data,EV ECU MODE,1,14,6,79,1,0x39FBC1,0x22,0x100,,1,3,1,2,0,4,-1,1,1,1,83000002,IG-OFF,0,0,0,"[{'no': 1, 'up_bound': 1, 'low_bound': 1, 'range_id': 83000002, 'range_label': 'IG-OFF'}, {'no': 2, 'up_bound': 2, 'low_bound': 2, 'range_id': 8001900, 'range_label': 'RESET'}, {'no': 3, 'up_bound': 3, 'low_bound': 3, 'range_id': 8001902, 'range_label': 'High voltage On'}, {'no': 4, 'up_bound': 4, 'low_bound': 4, 'range_id': 8001898, 'range_label': 'Torque control'}, {'no': 5, 'up_bound': 5, 'low_bound': 5, 'range_id': 8001901, 'range_label': 'High Voltage Off'}, {'no': 6, 'up_bound': 6, 'low_bound': 6, 'range_id': 8001897, 'range_label': 'Charge control'}, {'no': 7, 'up_bound': 7, 'low_bound': 7, 'range_id': 8001899, 'range_label': 'Flash writing'}]"
Data List,All data,FMTR COIL TEMP1,2,28,7,80,1,0x39FBC1,0x22,0x101,°C,0,3,1,2,-1,-1,-1,1,0,0,0,,1,-40,0,"[{'no': 1, 'up_bound': 0, 'low_bound': 0, 'range_id': 0, 'range_label': None}]"
Data List,All data,FMTR COIL TEMP2,3,29,8,81,1,0x39FBC1,0x22,0x102,°C,0,3,1,2,-1,-1,-1,1,0,0,0,,1,-40,0,"[{'no': 1, 'up_bound': 0, 'low_bound': 0, 'range_id': 0, 'range_label': None}]"
Data List,All data,FMTR COIL TEMP3,4,30,9,82,1,0x39FBC1,0x22,0x103,°C,0,3,1,2,-1,-1,-1,1,0,0,0,,1,-40,0,"[{'no': 1, 'up_bound': 0, 'low_bound': 0, 'range_id': 0, 'range_label': None}]"
Data List,All data,GEN COIL TEMP,5,42,10,83,1,0x39FBC1,0x22,0x104,°C,0,3,1,2,-1,-1,-1,1,0,0,0,,1,-40,0,"[{'no': 1, 'up_bound': 0, 'low_bound': 0, 'range_id': 0, 'range_label': None}]"
Data List,All data,FMCU IGBT U MAXTEMP,6,18,11,84,1,0x39FBC1,0x22,0x105,°C,0,3,1,2,-1,-1,-1,1,0,0,0,,1,-40,0,"[{'no': 1, 'up_bound': 0, 'low_bound': 0, 'range_id': 0, 'range_label': None}]"
Data List,All data,FMCU IGBT V MAXTEMP,7,19,12,85,1,0x39FBC1,0x22,0x106,°C,0,3,1,2,-1,-1,-1,1,0,0,0,,1,-40,0,"[{'no': 1, 'up_bound': 0, 'low_bound': 0, 'range_id': 0, 'range_label': None}]"
Data List,All data,FMCU IGBT W MAXTEMP,8,20,13,86,1,0x39FBC1,0x22,0x107,°C,0,3,1,2,-1,-1,-1,1,0,0,0,,1,-40,0,"[{'no': 1, 'up_bound': 0, 'low_bound': 0, 'range_id': 0, 'range_label': None}]"
Data List,All data,GCU IGBT U MAXTEMP,9,37,14,87,1,0x39FBC1,0x22,0x108,°C,0,3,1,2,-1,-1,-1,1,0,0,0,,1,-40,0,"[{'no': 1, 'up_bound': 0, 'low_bound': 0, 'range_id': 0, 'range_label': None}]"
Data List,All data,GCU IGBT V MAXTEMP,10,38,15,88,1,0x39FBC1,0x22,0x109,°C,0,3,1,2,-1,-1,-1,1,0,0,0,,1,-40,0,"[{'no': 1, 'up_bound': 0, 'low_bound': 0, 'range_id': 0, 'range_label': None}]"
Data List,All data,GCU IGBT W MAXTEMP,11,39,16,89,1,0x39FBC1,0x22,0x10A,°C,0,3,1,2,-1,-1,-1,1,0,0,0,,1,-40,0,"[{'no': 1, 'up_bound': 0, 'low_bound': 0, 'range_id': 0, 'range_label': None}]"
Data List,All data,VCU IGBT S1 TEMP,12,65,17,90,1,0x39FBC1,0x22,0x10B,°C,0,3,1,2,-1,-1,-1,1,0,0,0,,1,-40,0,"[{'no': 1, 'up_bound': 0, 'low_bound': 0, 'range_id': 0, 'range_label': None}]"
Data List,All data,VCU IGBT S2 TEMP,13,66,18,91,1,0x39FBC1,0x22,0x10C,°C,0,3,1,2,-1,-1,-1,1,0,0,0,,1,-40,0,"[{'no': 1, 'up_bound': 0, 'low_bound': 0, 'range_id': 0, 'range_label': None}]"
Data List,All data,VCU IGBT S3 TEMP,14,67,19,92,1,0x39FBC1,0x22,0x10D,°C,0,3,1,2,-1,-1,-1,1,0,0,0,,1,-40,0,"[{'no': 1, 'up_bound': 0, 'low_bound': 0, 'range_id': 0, 'range_label': None}]"
Data List,All data,VCU IGBT S4 TEMP,15,68,20,93,1,0x39FBC1,0x22,0x10E,°C,0,3,1,2,-1,-1,-1,1,0,0,0,,1,-40,0,"[{'no': 1, 'up_bound': 0, 'low_bound': 0, 'range_id': 0, 'range_label': None}]"
Data List,All data,PDU CPU TEMP,16,56,21,94,1,0x39FBC1,0x22,0x10F,°C,0,3,1,2,-1,-1,-1,1,0,0,0,,1,-40,0,"[{'no': 1, 'up_bound': 0, 'low_bound': 0, 'range_id': 0, 'range_label': None}]"
Data List,All data,PDU CAP0 TEMP,17,54,22,95,1,0x39FBC1,0x22,0x110,°C,0,3,1,2,-1,-1,-1,1,0,0,0,,1,-40,0,"[{'no': 1, 'up_bound': 0, 'low_bound': 0, 'range_id': 0, 'range_label': None}]"
Data List,All data,PDU CAP2 TEMP,18,55,23,96,1,0x39FBC1,0x22,0x111,°C,0,3,1,2,-1,-1,-1,1,0,0,0,,1,-40,0,"[{'no': 1, 'up_bound': 0, 'low_bound': 0, 'range_id': 0, 'range_label': None}]"
Data List,All data,VCU REACT TEMP,19,69,24,97,1,0x39FBC1,0x22,0x112,°C,0,3,1,2,-1,-1,-1,1,0,0,0,,1,-40,0,"[{'no': 1, 'up_bound': 0, 'low_bound': 0, 'range_id': 0, 'range_label': None}]"
Data List,All data,PDU OIL TEMP,20,58,25,98,1,0x39FBC1,0x22,0x113,°C,0,3,1,2,-1,-1,-1,1,0,0,0,,1,-40,0,"[{'no': 1, 'up_bound': 0, 'low_bound': 0, 'range_id': 0, 'range_label': None}]"
Data List,All data,WT MOTOR,21,73,26,99,1,0x39FBC1,0x22,0x114,°C,0,3,1,2,-1,-1,-1,1,0,0,0,,1,-40,0,"[{'no': 1, 'up_bound': 0, 'low_bound': 0, 'range_id': 0, 'range_label': None}]"
Data List,All data,FMTR TRQ LMT RQ,22,33,27,100,1,0x39FBC1,0x22,0x115,,1,3,1,2,0,3,-1,1,0,0,8001906,No limit,0,0,0,"[{'no': 1, 'up_bound': 0, 'low_bound': 0, 'range_id': 8001906, 'range_label': 'No limit'}, {'no': 2, 'up_bound': 1, 'low_bound': 1, 'range_id': 8001908, 'range_label': 'Torque limit level1'}, {'no': 3, 'up_bound': 2, 'low_bound': 2, 'range_id': 8001910, 'range_label': 'Torque limit level2'}, {'no': 4, 'up_bound': 3, 'low_bound': 3, 'range_id': 8001912, 'range_label': 'Torque limit level3'}, {'no': 5, 'up_bound': 4, 'low_bound': 4, 'range_id': 8001913, 'range_label': 'Torque limit level4'}, {'no': 6, 'up_bound': 5, 'low_bound': 5, 'range_id': 8001914, 'range_label': 'Torque limit level5'}, {'no': 7, 'up_bound': 6, 'low_bound': 6, 'range_id': 8001915, 'range_label': 'Torque limit level6'}, {'no': 8, 'up_bound': 7, 'low_bound': 7, 'range_id': 8001916, 'range_label': 'Torque limit level7'}]"
Data List,All data,FMTR SPD LMT RQ,23,31,28,101,1,0x39FBC1,0x22,0x116,,1,3,1,2,0,2,-1,1,0,0,8001906,No limit,0,0,0,"[{'no': 1, 'up_bound': 0, 'low_bound': 0, 'range_id': 8001906, 'range_label': 'No limit'}, {'no': 2, 'up_bound': 1, 'low_bound': 1, 'range_id': 8001907, 'range_label': 'Speed limit level1'}, {'no': 3, 'up_bound': 2, 'low_bound': 2, 'range_id': 8001909, 'range_label': 'Speed limit level2'}, {'no': 4, 'up_bound': 3, 'low_bound': 3, 'range_id': 8001911, 'range_label': 'Speed limit level3'}]"
Data List,All data,GEN TRQ LMT RQ,24,45,29,102,1,0x39FBC1,0x22,0x117,,1,3,1,2,0,3,-1,1,0,0,8001906,No limit,0,0,0,"[{'no': 1, 'up_bound': 0, 'low_bound': 0, 'range_id': 8001906, 'range_label': 'No limit'}, {'no': 2, 'up_bound': 1, 'low_bound': 1, 'range_id': 8001908, 'range_label': 'Torque limit level1'}, {'no': 3, 'up_bound': 2, 'low_bound': 2, 'range_id': 8001910, 'range_label': 'Torque limit level2'}, {'no': 4, 'up_bound': 3, 'low_bound': 3, 'range_id': 8001912, 'range_label': 'Torque limit level3'}, {'no': 5, 'up_bound': 4, 'low_bound': 4, 'range_id': 8001913, 'range_label': 'Torque limit level4'}, {'no': 6, 'up_bound': 5, 'low_bound': 5, 'range_id': 8001914, 'range_label': 'Torque limit level5'}, {'no': 7, 'up_bound': 6, 'low_bound': 6, 'range_id': 8001915, 'range_label': 'Torque limit level6'}, {'no': 8, 'up_bound': 7, 'low_bound': 7, 'range_id': 8001916, 'range_label': 'Torque limit level7'}]"
Data List,All data,GEN SPD LMT RQ,25,43,30,103,1,0x39FBC1,0x22,0x118,,1,3,1,2,0,2,-1,1,0,0,8001906,No limit,0,0,0,"[{'no': 1, 'up_bound': 0, 'low_bound': 0, 'range_id': 8001906, 'range_label': 'No limit'}, {'no': 2, 'up_bound': 1, 'low_bound': 1, 'range_id': 8001907, 'range_label': 'Speed limit level1'}, {'no': 3, 'up_bound': 2, 'low_bound': 2, 'range_id': 8001909, 'range_label': 'Speed limit level2'}, {'no': 4, 'up_bound': 3, 'low_bound': 3, 'range_id': 8001911, 'range_label': 'Speed limit level3'}]"
Data List,All data,FMOTOR TRQ RQ,26,27,31,104,1,0x39FBC1,0x22,0x119,Nm,0,3,2,2,-1,-1,-1,1,0,0,0,,0.1,-1000,1,"[{'no': 1, 'up_bound': 0, 'low_bound': 0, 'range_id': 0, 'range_label': None}]"
Data List,All data,FMOTOR TRQ FB,27,26,32,105,1,0x39FBC1,0x22,0x11A,Nm,0,3,2,2,-1,-1,65528,1,0,0,0,,0.0125,-400,1,"[{'no': 1, 'up_bound': 0, 'low_bound': 0, 'range_id': 0, 'range_label': None}]"
Data List,All data,FMTR TRQ AVAIL,28,32,33,106,1,0x39FBC1,0x22,0x11B,Nm,0,3,2,2,-1,-1,65520,1,0,0,0,,0.00625,0,1,"[{'no': 1, 'up_bound': 0, 'low_bound': 0, 'range_id': 0, 'range_label': None}]"
Data List,All data,FMOTOR SPD,29,25,34,107,1,0x39FBC1,0x22,0x11C,r/min,0,3,2,2,-1,-1,65534,1,0,0,0,,0.5,-16000,0,"[{'no': 1, 'up_bound': 0, 'low_bound': 0, 'range_id': 0, 'range_label': None}]"
Data List,All data,GENERATOR TRQ RQ,30,50,35,108,1,0x39FBC1,0x22,0x11D,Nm,0,3,2,2,-1,-1,-1,1,0,0,0,,0.1,-1000,1,"[{'no': 1, 'up_bound': 0, 'low_bound': 0, 'range_id': 0, 'range_label': None}]"
Data List,All data,GENERATOR TRQ FB,31,49,36,109,1,0x39FBC1,0x22,0x11E,Nm,0,3,2,2,-1,-1,65528,1,0,0,0,,0.0125,-400,1,"[{'no': 1, 'up_bound': 0, 'low_bound': 0, 'range_id': 0, 'range_label': None}]"
Data List,All data,GEN TRQ AVAIL,32,44,37,110,1,0x39FBC1,0x22,0x11F,Nm,0,3,2,2,-1,-1,65520,1,0,0,0,,0.00625,0,1,"[{'no': 1, 'up_bound': 0, 'low_bound': 0, 'range_id': 0, 'range_label': None}]"
Data List,All data,GENERATOR SPD,33,48,38,111,1,0x39FBC1,0x22,0x120,r/min,0,3,2,2,-1,-1,65534,1,0,0,0,,0.5,-16000,0,"[{'no': 1, 'up_bound': 0, 'low_bound': 0, 'range_id': 0, 'range_label': None}]"
Data List,All data,CAP1 V PDU,34,2,39,112,1,0x39FBC1,0x22,0x121,V,0,3,2,2,-1,-1,65472,1,0,0,0,,0.015625,0,0,"[{'no': 1, 'up_bound': 0, 'low_bound': 0, 'range_id': 0, 'range_label': None}]"
Data List,All data,CAP2 V PDU,35,3,40,113,1,0x39FBC1,0x22,0x122,V,0,3,2,2,-1,-1,65472,1,0,0,0,,0.015625,0,0,"[{'no': 1, 'up_bound': 0, 'low_bound': 0, 'range_id': 0, 'range_label': None}]"
Data List,All data,CAP0 V PDU,36,1,41,114,1,0x39FBC1,0x22,0x123,V,0,3,2,2,-1,-1,65472,1,0,0,0,,0.015625,0,0,"[{'no': 1, 'up_bound': 0, 'low_bound': 0, 'range_id': 0, 'range_label': None}]"
Data List,All data,CAP2 V TARGET,37,4,42,115,1,0x39FBC1,0x22,0x124,V,0,3,2,2,-1,-1,65472,1,0,0,0,,0.015625,0,0,"[{'no': 1, 'up_bound': 0, 'low_bound': 0, 'range_id': 0, 'range_label': None}]"
Data List,All data,FMOTOR CUR 1,38,23,43,116,1,0x39FBC1,0x22,0x125,A,0,3,2,2,-1,-1,-1,1,0,0,0,,1,-1000,0,"[{'no': 1, 'up_bound': 0, 'low_bound': 0, 'range_id': 0, 'range_label': None}]"
Data List,All data,FMOTOR CUR 2,39,24,44,117,1,0x39FBC1,0x22,0x126,A,0,3,2,2,-1,-1,-1,1,0,0,0,,1,-1000,0,"[{'no': 1, 'up_bound': 0, 'low_bound': 0, 'range_id': 0, 'range_label': None}]"
Data List,All data,GENERATOR CUR 1,40,46,45,118,1,0x39FBC1,0x22,0x129,A,0,3,2,2,-1,-1,-1,1,0,0,0,,1,-1000,0,"[{'no': 1, 'up_bound': 0, 'low_bound': 0, 'range_id': 0, 'range_label': None}]"
Data List,All data,GENERATOR CUR 2,41,47,46,119,1,0x39FBC1,0x22,0x12A,A,0,3,2,2,-1,-1,-1,1,0,0,0,,1,-1000,0,"[{'no': 1, 'up_bound': 0, 'low_bound': 0, 'range_id': 0, 'range_label': None}]"
Data List,All data,REACT CUR,42,61,47,120,1,0x39FBC1,0x22,0x12D,A,0,3,2,2,-1,-1,-1,1,0,0,0,,1,-1000,0,"[{'no': 1, 'up_bound': 0, 'low_bound': 0, 'range_id': 0, 'range_label': None}]"
Data List,All data,VCU DRVPWR AVAIL,43,64,48,121,1,0x39FBC1,0x22,0x12E,kW,0,3,2,2,-1,-1,65472,1,0,0,0,,0.0015625,0,1,"[{'no': 1, 'up_bound': 0, 'low_bound': 0, 'range_id': 0, 'range_label': None}]"
Data List,All data,VCU REGPWR AVAIL,44,70,49,122,1,0x39FBC1,0x22,0x12F,kW,0,3,2,2,-1,-1,65472,1,0,0,0,,0.0015625,0,1,"[{'no': 1, 'up_bound': 0, 'low_bound': 0, 'range_id': 0, 'range_label': None}]"
Data List,All data,FMCU CONT MODE,45,15,50,123,1,0x39FBC1,0x22,0x130,,0,3,1,2,-1,-1,-1,1,0,0,0,,1,0,0,"[{'no': 1, 'up_bound': 0, 'low_bound': 0, 'range_id': 0, 'range_label': None}]"
Data List,All data,FMCU MOT STATUS,46,21,51,124,1,0x39FBC1,0x22,0x131,,0,3,1,2,-1,-1,-1,1,0,0,0,,1,0,0,"[{'no': 1, 'up_bound': 0, 'low_bound': 0, 'range_id': 0, 'range_label': None}]"
Data List,All data,GCU CONT MODE,47,34,52,125,1,0x39FBC1,0x22,0x132,,0,3,1,2,-1,-1,-1,1,0,0,0,,1,0,0,"[{'no': 1, 'up_bound': 0, 'low_bound': 0, 'range_id': 0, 'range_label': None}]"
Data List,All data,GCU MOT STATUS,48,40,53,126,1,0x39FBC1,0x22,0x133,,0,3,1,2,-1,-1,-1,1,0,0,0,,1,0,0,"[{'no': 1, 'up_bound': 0, 'low_bound': 0, 'range_id': 0, 'range_label': None}]"
Data List,All data,VCU CONT MODE,49,63,54,127,1,0x39FBC1,0x22,0x134,,0,3,1,2,-1,-1,-1,1,0,0,0,,1,0,0,"[{'no': 1, 'up_bound': 0, 'low_bound': 0, 'range_id': 0, 'range_label': None}]"
Data List,All data,PDU SW VER,50,60,55,128,1,0x39FBC1,0x22,0x135,,0,3,2,2,-1,-1,-1,,,,,,,,,[]
Data List,All data,WT FLOW RQ PDU,51,72,56,129,1,0x39FBC1,0x22,0x136,LEVEL,1,3,1,2,0,4,-1,1,0,0,0,,1,0,0,"[{'no': 1, 'up_bound': 0, 'low_bound': 0, 'range_id': 0, 'range_label': None}]"
Data List,All data,FMCU GATE ON RQ,52,17,57,130,1,0x39FBC1,0x22,0x137,,1,3,1,2,7,1,-1,1,0,0,8001892,Gate Off,0,0,0,"[{'no': 1, 'up_bound': 0, 'low_bound': 0, 'range_id': 8001892, 'range_label': 'Gate Off'}, {'no': 2, 'up_bound': 1, 'low_bound': 1, 'range_id': 8001894, 'range_label': 'Gate On'}]"
Data List,All data,GCU GATE ON RQ,53,36,58,130,1,0x39FBC1,0x22,0x137,,1,3,1,2,6,1,-1,1,0,0,8001892,Gate Off,0,0,0,"[{'no': 1, 'up_bound': 0, 'low_bound': 0, 'range_id': 8001892, 'range_label': 'Gate Off'}, {'no': 2, 'up_bound': 1, 'low_bound': 1, 'range_id': 8001894, 'range_label': 'Gate On'}]"
Data List,All data,FMCU GATE ON FB,54,16,59,130,1,0x39FBC1,0x22,0x137,,1,3,1,2,5,1,-1,1,0,0,8001892,Gate Off,0,0,0,"[{'no': 1, 'up_bound': 0, 'low_bound': 0, 'range_id': 8001892, 'range_label': 'Gate Off'}, {'no': 2, 'up_bound': 1, 'low_bound': 1, 'range_id': 8001894, 'range_label': 'Gate On'}]"
Data List,All data,GCU GATE ON FB,55,35,60,130,1,0x39FBC1,0x22,0x137,,1,3,1,2,4,1,-1,1,0,0,8001892,Gate Off,0,0,0,"[{'no': 1, 'up_bound': 0, 'low_bound': 0, 'range_id': 8001892, 'range_label': 'Gate Off'}, {'no': 2, 'up_bound': 1, 'low_bound': 1, 'range_id': 8001894, 'range_label': 'Gate On'}]"
Data List,All data,DISCHG ON RQ,56,7,61,130,1,0x39FBC1,0x22,0x137,,1,3,1,2,3,1,-1,1,0,0,8001891,Discharge Off,0,0,0,"[{'no': 1, 'up_bound': 0, 'low_bound': 0, 'range_id': 8001891, 'range_label': 'Discharge Off'}, {'no': 2, 'up_bound': 1, 'low_bound': 1, 'range_id': 8001893, 'range_label': 'Discharge On'}]"
Data List,All data,DISCHG ON FB FMCU,57,5,62,130,1,0x39FBC1,0x22,0x137,,1,3,1,2,2,1,-1,1,0,0,8001891,Discharge Off,0,0,0,"[{'no': 1, 'up_bound': 0, 'low_bound': 0, 'range_id': 8001891, 'range_label': 'Discharge Off'}, {'no': 2, 'up_bound': 1, 'low_bound': 1, 'range_id': 8001893, 'range_label': 'Discharge On'}]"
Data List,All data,DISCHG ON FB GCU,58,6,63,130,1,0x39FBC1,0x22,0x137,,1,3,1,2,1,1,-1,1,0,0,8001891,Discharge Off,0,0,0,"[{'no': 1, 'up_bound': 0, 'low_bound': 0, 'range_id': 8001891, 'range_label': 'Discharge Off'}, {'no': 2, 'up_bound': 1, 'low_bound': 1, 'range_id': 8001893, 'range_label': 'Discharge On'}]"
Data List,All data,IGCT KEEP RQ PDU,59,51,64,130,1,0x39FBC1,0x22,0x137,,1,3,1,2,0,1,-1,1,0,0,1000003,OFF,0,0,0,"[{'no': 1, 'up_bound': 0, 'low_bound': 0, 'range_id': 1000003, 'range_label': 'OFF'}, {'no': 2, 'up_bound': 1, 'low_bound': 1, 'range_id': 1000004, 'range_label': 'ON'}]"
Data List,All data,WP FAIL ON,60,71,65,131,1,0x39FBC1,0x22,0x138,,1,3,1,2,4,1,-1,1,0,0,22900836,No fail,0,0,0,"[{'no': 1, 'up_bound': 0, 'low_bound': 0, 'range_id': 22900836, 'range_label': 'No fail'}, {'no': 2, 'up_bound': 1, 'low_bound': 1, 'range_id': 11000011, 'range_label': 'Fail'}]"
Data List,All data,P CONT ACTIVE,61,52,66,131,1,0x39FBC1,0x22,0x138,,1,3,1,2,3,1,-1,1,0,0,8001918,No active,0,0,0,"[{'no': 1, 'up_bound': 0, 'low_bound': 0, 'range_id': 8001918, 'range_label': 'No active'}, {'no': 2, 'up_bound': 1, 'low_bound': 1, 'range_id': 3000271, 'range_label': 'Active'}]"
Data List,All data,PDU CAN FAIL,62,53,67,131,1,0x39FBC1,0x22,0x138,,1,3,1,2,2,1,-1,1,0,0,22900836,No fail,0,0,0,"[{'no': 1, 'up_bound': 0, 'low_bound': 0, 'range_id': 22900836, 'range_label': 'No fail'}, {'no': 2, 'up_bound': 1, 'low_bound': 1, 'range_id': 11000011, 'range_label': 'Fail'}]"
Data List,All data,PDU FAIL ON,63,57,68,131,1,0x39FBC1,0x22,0x138,,1,3,1,2,1,1,-1,1,0,0,22900836,No fail,0,0,0,"[{'no': 1, 'up_bound': 0, 'low_bound': 0, 'range_id': 22900836, 'range_label': 'No fail'}, {'no': 2, 'up_bound': 1, 'low_bound': 1, 'range_id': 11000011, 'range_label': 'Fail'}]"
Data List,All data,PDU READY ON,64,59,69,131,1,0x39FBC1,0x22,0x138,,1,3,1,2,0,1,-1,1,0,0,8001895,No ready,0,0,0,"[{'no': 1, 'up_bound': 0, 'low_bound': 0, 'range_id': 8001895, 'range_label': 'No ready'}, {'no': 2, 'up_bound': 1, 'low_bound': 1, 'range_id': 8001896, 'range_label': 'Ready'}]"
Data List,All data,FMCU WARMDISCHG STAT,65,22,70,132,1,0x39FBC1,0x22,0x139,,1,3,1,2,0,2,-1,1,0,0,8001919,Not complete,0,0,0,"[{'no': 1, 'up_bound': 0, 'low_bound': 0, 'range_id': 8001919, 'range_label': 'Not complete'}, {'no': 2, 'up_bound': 1, 'low_bound': 1, 'range_id': 8001903, 'range_label': 'Discharge enable'}, {'no': 3, 'up_bound': 2, 'low_bound': 2, 'range_id': 8001904, 'range_label': 'Discharge disable'}, {'no': 4, 'up_bound': 3, 'low_bound': 3, 'range_id': 8001905, 'range_label': 'Battery warm discharging'}]"
Data List,All data,GCU WARMDISCHG STAT,66,41,71,133,1,0x39FBC1,0x22,0x13A,,1,3,1,2,0,2,-1,1,0,0,8001919,Not complete,0,0,0,"[{'no': 1, 'up_bound': 0, 'low_bound': 0, 'range_id': 8001919, 'range_label': 'Not complete'}, {'no': 2, 'up_bound': 1, 'low_bound': 1, 'range_id': 8001903, 'range_label': 'Discharge enable'}, {'no': 3, 'up_bound': 2, 'low_bound': 2, 'range_id': 8001904, 'range_label': 'Discharge disable'}, {'no': 4, 'up_bound': 3, 'low_bound': 3, 'range_id': 8001905, 'range_label': 'Battery warm discharging'}]"
Data List,All data,EOP MODE RQ,67,11,72,134,1,0x39FBC1,0x22,0x13B,,1,3,1,2,0,2,-1,1,0,0,7000100,STOP,0,0,0,"[{'no': 1, 'up_bound': 0, 'low_bound': 0, 'range_id': 7000100, 'range_label': 'STOP'}, {'no': 2, 'up_bound': 1, 'low_bound': 1, 'range_id': 8001921, 'range_label': 'EXT COLD MODE'}, {'no': 3, 'up_bound': 2, 'low_bound': 2, 'range_id': 8001920, 'range_label': 'NOT DEFINED'}, {'no': 4, 'up_bound': 3, 'low_bound': 3, 'range_id': 8001917, 'range_label': 'NORMAL MODE'}]"
Data List,All data,EOP DUTY RQ,68,9,73,135,1,0x39FBC1,0x22,0x13C,%,0,3,1,2,-1,-1,-1,1,0,0,0,,1,0,0,"[{'no': 1, 'up_bound': 0, 'low_bound': 0, 'range_id': 0, 'range_label': None}]"
Data List,All data,EOP SPD RQ,69,13,74,136,1,0x39FBC1,0x22,0x13D,r/min,0,3,1,2,-1,-1,-1,1,0,0,0,,1,0,0,"[{'no': 1, 'up_bound': 0, 'low_bound': 0, 'range_id': 0, 'range_label': None}]"
Data List,All data,EOP SPD,70,12,75,137,1,0x39FBC1,0x22,0x13E,r/min,0,3,1,2,-1,-1,-1,1,0,0,0,,20,0,0,"[{'no': 1, 'up_bound': 0, 'low_bound': 0, 'range_id': 0, 'range_label': None}]"
Data List,All data,EOP CURRENT,71,8,76,138,1,0x39FBC1,0x22,0x13F,A,0,3,1,2,-1,-1,-1,1,0,0,0,,0.1,0,1,"[{'no': 1, 'up_bound': 0, 'low_bound': 0, 'range_id': 0, 'range_label': None}]"
Data List,All data,EOP LOAD,72,10,77,139,1,0x39FBC1,0x22,0x140,,0,3,2,1,-1,-1,-1,1,0,0,0,,1,0,0,"[{'no': 1, 'up_bound': 0, 'low_bound': 0, 'range_id': 0, 'range_label': None}]"
Data List,All data,RESOLVER OFFSET,73,62,78,140,1,0x39FBC1,0x22,0xE001,,0,3,3,2,-1,-1,-1,,,,,,,,,[]
Data gathering,,Data(DA00),1,1,293,0,1,0x39FBC1,0x22,0xDA00,,0,0,318,2,-1,-1,-1,,,,,,,,,[]
Data gathering,,Data(DA10),2,2,294,0,1,0x39FBC1,0x22,0xDA10,,0,0,109,2,-1,-1,-1,,,,,,,,,[]
Data gathering,,Data(DA11),3,3,295,0,1,0x39FBC1,0x22,0xDA11,,0,0,109,2,-1,-1,-1,,,,,,,,,[]
Data gathering,,Data(DA12),4,4,296,0,1,0x39FBC1,0x22,0xDA12,,0,0,109,2,-1,-1,-1,,,,,,,,,[]
Data gathering,,Data(DA13),5,5,297,0,1,0x39FBC1,0x22,0xDA13,,0,0,109,2,-1,-1,-1,,,,,,,,,[]
Data gathering,,Data(DA14),6,6,298,0,1,0x39FBC1,0x22,0xDA14,,0,0,109,2,-1,-1,-1,,,,,,,,,[]
Data gathering,,Data(DA30),7,7,299,0,1,0x39FBC1,0x22,0xDA30,,0,0,44,2,-1,-1,-1,,,,,,,,,[]
Data gathering,,Data(DA31),8,8,300,0,1,0x39FBC1,0x22,0xDA31,,0,0,44,2,-1,-1,-1,,,,,,,,,[]
Data gathering,,Data(DA32),9,9,301,0,1,0x39FBC1,0x22,0xDA32,,0,0,44,2,-1,-1,-1,,,,,,,,,[]
Data gathering,,Data(DA33),10,10,302,0,1,0x39FBC1,0x22,0xDA33,,0,0,44,2,-1,-1,-1,,,,,,,,,[]
Data gathering,,Data(DA34),11,11,303,0,1,0x39FBC1,0x22,0xDA34,,0,0,44,2,-1,-1,-1,,,,,,,,,[]
Data gathering,,Data(DA50),12,12,304,0,1,0x39FBC1,0x22,0xDA50,,0,0,466,2,-1,-1,-1,,,,,,,,,[]
Data gathering,,Data(DA51),13,13,305,0,1,0x39FBC1,0x22,0xDA51,,0,0,466,2,-1,-1,-1,,,,,,,,,[]
Data gathering,,Data(DA52),14,14,306,0,1,0x39FBC1,0x22,0xDA52,,0,0,466,2,-1,-1,-1,,,,,,,,,[]
Data gathering,,Data(DA53),15,15,307,0,1,0x39FBC1,0x22,0xDA53,,0,0,466,2,-1,-1,-1,,,,,,,,,[]
Data gathering,,Data(DA54),16,16,308,0,1,0x39FBC1,0x22,0xDA54,,0,0,466,2,-1,-1,-1,,,,,,,,,[]
Freeze Frame Data,Fuel control,ODO/TRIP METER,10,860,3,0,1,0x39FBC1,0xF0,0xD0,km,0,2,3,2,-1,-1,-1,1,0,0,0,,1,0,0,"[{'no': 1, 'up_bound': 0, 'low_bound': 0, 'range_id': 0, 'range_label': None}]"
Freeze Frame Data,Fuel control,DTC count,20,90,4,0,1,0x39FBC1,0xF0,0xD1,count,0,2,1,2,-1,-1,-1,1,0,0,0,,1,0,0,"[{'no': 1, 'up_bound': 0, 'low_bound': 0, 'range_id': 0, 'range_label': None}]"
Freeze Frame Data,Fuel control,DTC CODE,30,80,151,0,1,0x39FBC1,0x14,0x0,,0,2,2,2,-1,-1,-1,,,,,,,,,[]
Freeze Frame Data,Fuel control,EV ECU MODE,40,480,152,0,1,0x39FBC1,0x14,0x1,,1,2,1,2,0,4,-1,1,1,1,83000002,IG-OFF,0,0,0,"[{'no': 1, 'up_bound': 1, 'low_bound': 1, 'range_id': 83000002, 'range_label': 'IG-OFF'}, {'no': 2, 'up_bound': 2, 'low_bound': 2, 'range_id': 8001900, 'range_label': 'RESET'}, {'no': 3, 'up_bound': 3, 'low_bound': 3, 'range_id': 8001902, 'range_label': 'High voltage On'}, {'no': 4, 'up_bound': 4, 'low_bound': 4, 'range_id': 8001898, 'range_label': 'Torque control'}, {'no': 5, 'up_bound': 5, 'low_bound': 5, 'range_id': 8001901, 'range_label': 'High Voltage Off'}, {'no': 6, 'up_bound': 6, 'low_bound': 6, 'range_id': 8001897, 'range_label': 'Charge control'}, {'no': 7, 'up_bound': 7, 'low_bound': 7, 'range_id': 8001899, 'range_label': 'Flash writing'}]"
Freeze Frame Data,Fuel control,FMTR COIL TEMP1,50,620,153,0,1,0x39FBC1,0x14,0x2,°C,0,2,1,2,-1,-1,-1,1,0,0,0,,1,-40,0,"[{'no': 1, 'up_bound': 0, 'low_bound': 0, 'range_id': 0, 'range_label': None}]"
Freeze Frame Data,Fuel control,FMTR COIL TEMP2,60,630,154,0,1,0x39FBC1,0x14,0x3,°C,0,2,1,2,-1,-1,-1,1,0,0,0,,1,-40,0,"[{'no': 1, 'up_bound': 0, 'low_bound': 0, 'range_id': 0, 'range_label': None}]"
Freeze Frame Data,Fuel control,FMTR COIL TEMP3,70,640,155,0,1,0x39FBC1,0x14,0x4,°C,0,2,1,2,-1,-1,-1,1,0,0,0,,1,-40,0,"[{'no': 1, 'up_bound': 0, 'low_bound': 0, 'range_id': 0, 'range_label': None}]"
Freeze Frame Data,Fuel control,GEN COIL TEMP,80,760,156,0,1,0x39FBC1,0x14,0x5,°C,0,2,1,2,-1,-1,-1,1,0,0,0,,1,-40,0,"[{'no': 1, 'up_bound': 0, 'low_bound': 0, 'range_id': 0, 'range_label': None}]"
Freeze Frame Data,Fuel control,FMCU IGBT U MAXTEMP,90,520,157,0,1,0x39FBC1,0x14,0x6,°C,0,2,1,2,-1,-1,-1,1,0,0,0,,1,-40,0,"[{'no': 1, 'up_bound': 0, 'low_bound': 0, 'range_id': 0, 'range_label': None}]"
Freeze Frame Data,Fuel control,FMCU IGBT V MAXTEMP,100,530,158,0,1,0x39FBC1,0x14,0x7,°C,0,2,1,2,-1,-1,-1,1,0,0,0,,1,-40,0,"[{'no': 1, 'up_bound': 0, 'low_bound': 0, 'range_id': 0, 'range_label': None}]"
Freeze Frame Data,Fuel control,FMCU IGBT W MAXTEMP,110,540,159,0,1,0x39FBC1,0x14,0x8,°C,0,2,1,2,-1,-1,-1,1,0,0,0,,1,-40,0,"[{'no': 1, 'up_bound': 0, 'low_bound': 0, 'range_id': 0, 'range_label': None}]"
Freeze Frame Data,Fuel control,GCU IGBT U MAXTEMP,120,710,160,0,1,0x39FBC1,0x14,0x9,°C,0,2,1,2,-1,-1,-1,1,0,0,0,,1,-40,0,"[{'no': 1, 'up_bound': 0, 'low_bound': 0, 'range_id': 0, 'range_label': None}]"
Freeze Frame Data,Fuel control,GCU IGBT V MAXTEMP,130,720,161,0,1,0x39FBC1,0x14,0xA,°C,0,2,1,2,-1,-1,-1,1,0,0,0,,1,-40,0,"[{'no': 1, 'up_bound': 0, 'low_bound': 0, 'range_id': 0, 'range_label': None}]"
Freeze Frame Data,Fuel control,GCU IGBT W MAXTEMP,140,730,162,0,1,0x39FBC1,0x14,0xB,°C,0,2,1,2,-1,-1,-1,1,0,0,0,,1,-40,0,"[{'no': 1, 'up_bound': 0, 'low_bound': 0, 'range_id': 0, 'range_label': None}]"
Freeze Frame Data,Fuel control,VCU IGBT S1 TEMP,150,990,163,0,1,0x39FBC1,0x14,0xC,°C,0,2,1,2,-1,-1,-1,1,0,0,0,,1,-40,0,"[{'no': 1, 'up_bound': 0, 'low_bound': 0, 'range_id': 0, 'range_label': None}]"
Freeze Frame Data,Fuel control,VCU IGBT S2 TEMP,160,1000,164,0,1,0x39FBC1,0x14,0xD,°C,0,2,1,2,-1,-1,-1,1,0,0,0,,1,-40,0,"[{'no': 1, 'up_bound': 0, 'low_bound': 0, 'range_id': 0, 'range_label': None}]"
Freeze Frame Data,Fuel control,VCU IGBT S3 TEMP,170,1010,165,0,1,0x39FBC1,0x14,0xE,°C,0,2,1,2,-1,-1,-1,1,0,0,0,,1,-40,0,"[{'no': 1, 'up_bound': 0, 'low_bound': 0, 'range_id': 0, 'range_label': None}]"
Freeze Frame Data,Fuel control,VCU IGBT S4 TEMP,180,1020,166,0,1,0x39FBC1,0x14,0xF,°C,0,2,1,2,-1,-1,-1,1,0,0,0,,1,-40,0,"[{'no': 1, 'up_bound': 0, 'low_bound': 0, 'range_id': 0, 'range_label': None}]"
Freeze Frame Data,Fuel control,PDU CPU TEMP,190,910,167,0,1,0x39FBC1,0x14,0x11,°C,0,2,1,2,-1,-1,-1,1,0,0,0,,1,-40,0,"[{'no': 1, 'up_bound': 0, 'low_bound': 0, 'range_id': 0, 'range_label': None}]"
Freeze Frame Data,Fuel control,PDU CAP0 TEMP,200,890,168,0,1,0x39FBC1,0x14,0x12,°C,0,2,1,2,-1,-1,-1,1,0,0,0,,1,-40,0,"[{'no': 1, 'up_bound': 0, 'low_bound': 0, 'range_id': 0, 'range_label': None}]"
Freeze Frame Data,Fuel control,PDU CAP2 TEMP,210,900,169,0,1,0x39FBC1,0x14,0x13,°C,0,2,1,2,-1,-1,-1,1,0,0,0,,1,-40,0,"[{'no': 1, 'up_bound': 0, 'low_bound': 0, 'range_id': 0, 'range_label': None}]"
Freeze Frame Data,Fuel control,VCU REACT TEMP,220,1030,170,0,1,0x39FBC1,0x14,0x14,°C,0,2,1,2,-1,-1,-1,1,0,0,0,,1,-40,0,"[{'no': 1, 'up_bound': 0, 'low_bound': 0, 'range_id': 0, 'range_label': None}]"
Freeze Frame Data,Fuel control,PDU OIL TEMP,230,930,171,0,1,0x39FBC1,0x14,0x15,°C,0,2,1,2,-1,-1,-1,1,0,0,0,,1,-40,0,"[{'no': 1, 'up_bound': 0, 'low_bound': 0, 'range_id': 0, 'range_label': None}]"
Freeze Frame Data,Fuel control,WT MOTOR,240,1070,172,0,1,0x39FBC1,0x14,0x16,°C,0,2,1,2,-1,-1,-1,1,0,0,0,,1,-40,0,"[{'no': 1, 'up_bound': 0, 'low_bound': 0, 'range_id': 0, 'range_label': None}]"
Freeze Frame Data,Fuel control,FMTR TRQ LMT RQ,250,670,173,0,1,0x39FBC1,0x14,0x17,,1,2,1,2,0,3,-1,1,0,0,8001906,No limit,0,0,0,"[{'no': 1, 'up_bound': 0, 'low_bound': 0, 'range_id': 8001906, 'range_label': 'No limit'}, {'no': 2, 'up_bound': 1, 'low_bound': 1, 'range_id': 8001908, 'range_label': 'Torque limit level1'}, {'no': 3, 'up_bound': 2, 'low_bound': 2, 'range_id': 8001910, 'range_label': 'Torque limit level2'}, {'no': 4, 'up_bound': 3, 'low_bound': 3, 'range_id': 8001912, 'range_label': 'Torque limit level3'}, {'no': 5, 'up_bound': 4, 'low_bound': 4, 'range_id': 8001913, 'range_label': 'Torque limit level4'}, {'no': 6, 'up_bound': 5, 'low_bound': 5, 'range_id': 8001914, 'range_label': 'Torque limit level5'}, {'no': 7, 'up_bound': 6, 'low_bound': 6, 'range_id': 8001915, 'range_label': 'Torque limit level6'}, {'no': 8, 'up_bound': 7, 'low_bound': 7, 'range_id': 8001916, 'range_label': 'Torque limit level7'}]"
Freeze Frame Data,Fuel control,FMTR SPD LMT RQ,260,650,174,0,1,0x39FBC1,0x14,0x18,,1,2,1,2,0,2,-1,1,0,0,8001906,No limit,0,0,0,"[{'no': 1, 'up_bound': 0, 'low_bound': 0, 'range_id': 8001906, 'range_label': 'No limit'}, {'no': 2, 'up_bound': 1, 'low_bound': 1, 'range_id': 8001907, 'range_label': 'Speed limit level1'}, {'no': 3, 'up_bound': 2, 'low_bound': 2, 'range_id': 8001909, 'range_label': 'Speed limit level2'}, {'no': 4, 'up_bound': 3, 'low_bound': 3, 'range_id': 8001911, 'range_label': 'Speed limit level3'}]"
Freeze Frame Data,Fuel control,GEN TRQ LMT RQ,270,790,175,0,1,0x39FBC1,0x14,0x19,,1,2,1,2,0,3,-1,1,0,0,8001906,No limit,0,0,0,"[{'no': 1, 'up_bound': 0, 'low_bound': 0, 'range_id': 8001906, 'range_label': 'No limit'}, {'no': 2, 'up_bound': 1, 'low_bound': 1, 'range_id': 8001908, 'range_label': 'Torque limit level1'}, {'no': 3, 'up_bound': 2, 'low_bound': 2, 'range_id': 8001910, 'range_label': 'Torque limit level2'}, {'no': 4, 'up_bound': 3, 'low_bound': 3, 'range_id': 8001912, 'range_label': 'Torque limit level3'}, {'no': 5, 'up_bound': 4, 'low_bound': 4, 'range_id': 8001913, 'range_label': 'Torque limit level4'}, {'no': 6, 'up_bound': 5, 'low_bound': 5, 'range_id': 8001914, 'range_label': 'Torque limit level5'}, {'no': 7, 'up_bound': 6, 'low_bound': 6, 'range_id': 8001915, 'range_label': 'Torque limit level6'}, {'no': 8, 'up_bound': 7, 'low_bound': 7, 'range_id': 8001916, 'range_label': 'Torque limit level7'}]"
Freeze Frame Data,Fuel control,GEN SPD LMT RQ,280,770,176,0,1,0x39FBC1,0x14,0x1A,,1,2,1,2,0,2,-1,1,0,0,8001906,No limit,0,0,0,"[{'no': 1, 'up_bound': 0, 'low_bound': 0, 'range_id': 8001906, 'range_label': 'No limit'}, {'no': 2, 'up_bound': 1, 'low_bound': 1, 'range_id': 8001907, 'range_label': 'Speed limit level1'}, {'no': 3, 'up_bound': 2, 'low_bound': 2, 'range_id': 8001909, 'range_label': 'Speed limit level2'}, {'no': 4, 'up_bound': 3, 'low_bound': 3, 'range_id': 8001911, 'range_label': 'Speed limit level3'}]"
Freeze Frame Data,Fuel control,FMOTOR TRQ RQ,290,610,177,0,1,0x39FBC1,0x14,0x1B,Nm,0,2,2,2,-1,-1,-1,1,0,0,0,,0.1,-1000,1,"[{'no': 1, 'up_bound': 0, 'low_bound': 0, 'range_id': 0, 'range_label': None}]"
Freeze Frame Data,Fuel control,FMOTOR TRQ FB,300,600,178,0,1,0x39FBC1,0x14,0x1C,Nm,0,2,2,2,-1,-1,65528,1,0,0,0,,0.0125,-400,1,"[{'no': 1, 'up_bound': 0, 'low_bound': 0, 'range_id': 0, 'range_label': None}]"
Freeze Frame Data,Fuel control,FMTR TRQ AVAIL,310,660,179,0,1,0x39FBC1,0x14,0x1D,Nm,0,2,2,2,-1,-1,65520,1,0,0,0,,0.00625,0,1,"[{'no': 1, 'up_bound': 0, 'low_bound': 0, 'range_id': 0, 'range_label': None}]"
Freeze Frame Data,Fuel control,FMOTOR SPD,320,590,180,0,1,0x39FBC1,0x14,0x1E,r/min,0,2,2,2,-1,-1,65534,1,0,0,0,,0.5,-16000,0,"[{'no': 1, 'up_bound': 0, 'low_bound': 0, 'range_id': 0, 'range_label': None}]"
Freeze Frame Data,Fuel control,GENERATOR TRQ RQ,330,840,181,0,1,0x39FBC1,0x14,0x1F,Nm,0,2,2,2,-1,-1,-1,1,0,0,0,,0.1,-1000,1,"[{'no': 1, 'up_bound': 0, 'low_bound': 0, 'range_id': 0, 'range_label': None}]"
Freeze Frame Data,Fuel control,GENERATOR TRQ FB,340,830,182,0,1,0x39FBC1,0x14,0x20,Nm,0,2,2,2,-1,-1,65528,1,0,0,0,,0.0125,-400,1,"[{'no': 1, 'up_bound': 0, 'low_bound': 0, 'range_id': 0, 'range_label': None}]"
Freeze Frame Data,Fuel control,GEN TRQ AVAIL,350,780,183,0,1,0x39FBC1,0x14,0x21,Nm,0,2,2,2,-1,-1,65520,1,0,0,0,,0.00625,0,1,"[{'no': 1, 'up_bound': 0, 'low_bound': 0, 'range_id': 0, 'range_label': None}]"
Freeze Frame Data,Fuel control,GENERATOR SPD,360,820,184,0,1,0x39FBC1,0x14,0x22,r/min,0,2,2,2,-1,-1,65534,1,0,0,0,,0.5,-16000,0,"[{'no': 1, 'up_bound': 0, 'low_bound': 0, 'range_id': 0, 'range_label': None}]"
Freeze Frame Data,Fuel control,CAP1 V PDU,370,20,185,0,1,0x39FBC1,0x14,0x23,V,0,2,2,2,-1,-1,65472,1,0,0,0,,0.015625,0,0,"[{'no': 1, 'up_bound': 0, 'low_bound': 0, 'range_id': 0, 'range_label': None}]"
Freeze Frame Data,Fuel control,CAP2 V PDU,380,30,186,0,1,0x39FBC1,0x14,0x24,V,0,2,2,2,-1,-1,65472,1,0,0,0,,0.015625,0,0,"[{'no': 1, 'up_bound': 0, 'low_bound': 0, 'range_id': 0, 'range_label': None}]"
Freeze Frame Data,Fuel control,CAP0 V PDU,390,10,187,0,1,0x39FBC1,0x14,0x25,V,0,2,2,2,-1,-1,65472,1,0,0,0,,0.015625,0,0,"[{'no': 1, 'up_bound': 0, 'low_bound': 0, 'range_id': 0, 'range_label': None}]"
Freeze Frame Data,Fuel control,CAP2 V TARGET,400,40,188,0,1,0x39FBC1,0x14,0x26,V,0,2,2,2,-1,-1,65472,1,0,0,0,,0.015625,0,0,"[{'no': 1, 'up_bound': 0, 'low_bound': 0, 'range_id': 0, 'range_label': None}]"
Freeze Frame Data,Fuel control,FMOTOR CUR 1,410,570,189,0,1,0x39FBC1,0x14,0x27,A,0,2,2,2,-1,-1,-1,1,0,0,0,,1,-1000,0,"[{'no': 1, 'up_bound': 0, 'low_bound': 0, 'range_id': 0, 'range_label': None}]"
Freeze Frame Data,Fuel control,FMOTOR CUR 2,420,580,190,0,1,0x39FBC1,0x14,0x28,A,0,2,2,2,-1,-1,-1,1,0,0,0,,1,-1000,0,"[{'no': 1, 'up_bound': 0, 'low_bound': 0, 'range_id': 0, 'range_label': None}]"
Freeze Frame Data,Fuel control,GENERATOR CUR 1,430,800,191,0,1,0x39FBC1,0x14,0x2B,A,0,2,2,2,-1,-1,-1,1,0,0,0,,1,-1000,0,"[{'no': 1, 'up_bound': 0, 'low_bound': 0, 'range_id': 0, 'range_label': None}]"
Freeze Frame Data,Fuel control,GENERATOR CUR 2,440,810,192,0,1,0x39FBC1,0x14,0x2C,A,0,2,2,2,-1,-1,-1,1,0,0,0,,1,-1000,0,"[{'no': 1, 'up_bound': 0, 'low_bound': 0, 'range_id': 0, 'range_label': None}]"
Freeze Frame Data,Fuel control,REACT CUR,450,960,193,0,1,0x39FBC1,0x14,0x2F,A,0,2,2,2,-1,-1,-1,1,0,0,0,,1,-1000,0,"[{'no': 1, 'up_bound': 0, 'low_bound': 0, 'range_id': 0, 'range_label': None}]"
Freeze Frame Data,Fuel control,VCU DRVPWR AVAIL,460,980,194,0,1,0x39FBC1,0x14,0x30,kW,0,2,2,2,-1,-1,65472,1,0,0,0,,0.015625,0,0,"[{'no': 1, 'up_bound': 0, 'low_bound': 0, 'range_id': 0, 'range_label': None}]"
Freeze Frame Data,Fuel control,VCU REGPWR AVAIL,470,1040,195,0,1,0x39FBC1,0x14,0x31,kW,0,2,2,2,-1,-1,65472,1,0,0,0,,0.015625,0,0,"[{'no': 1, 'up_bound': 0, 'low_bound': 0, 'range_id': 0, 'range_label': None}]"
Freeze Frame Data,Fuel control,FMCU CONT MODE,480,490,196,0,1,0x39FBC1,0x14,0x32,,0,2,1,2,-1,-1,-1,1,0,0,0,,1,0,0,"[{'no': 1, 'up_bound': 0, 'low_bound': 0, 'range_id': 0, 'range_label': None}]"
Freeze Frame Data,Fuel control,FMCU MOT STATUS,490,550,197,0,1,0x39FBC1,0x14,0x33,,0,2,1,2,-1,-1,-1,1,0,0,0,,1,0,0,"[{'no': 1, 'up_bound': 0, 'low_bound': 0, 'range_id': 0, 'range_label': None}]"
Freeze Frame Data,Fuel control,GCU CONT MODE,500,680,198,0,1,0x39FBC1,0x14,0x34,,0,2,1,2,-1,-1,-1,1,0,0,0,,1,0,0,"[{'no': 1, 'up_bound': 0, 'low_bound': 0, 'range_id': 0, 'range_label': None}]"
Freeze Frame Data,Fuel control,GCU MOT STATUS,510,740,199,0,1,0x39FBC1,0x14,0x35,,0,2,1,2,-1,-1,-1,1,0,0,0,,1,0,0,"[{'no': 1, 'up_bound': 0, 'low_bound': 0, 'range_id': 0, 'range_label': None}]"
Freeze Frame Data,Fuel control,VCU CONT MODE,520,970,200,0,1,0x39FBC1,0x14,0x36,,0,2,1,2,-1,-1,-1,1,0,0,0,,1,0,0,"[{'no': 1, 'up_bound': 0, 'low_bound': 0, 'range_id': 0, 'range_label': None}]"
Freeze Frame Data,Fuel control,PDU SW VER,530,950,201,0,1,0x39FBC1,0x14,0x37,,0,2,2,2,-1,-1,-1,,,,,,,,,[]
Freeze Frame Data,Fuel control,WT FLOW RQ PDU,540,1060,202,0,1,0x39FBC1,0x14,0x38,LEVEL,1,2,1,2,0,4,-1,1,0,0,0,,1,0,0,"[{'no': 1, 'up_bound': 0, 'low_bound': 0, 'range_id': 0, 'range_label': None}]"
Freeze Frame Data,Fuel control,FMCU GATE ON RQ,550,510,203,0,1,0x39FBC1,0x14,0x39,,1,2,1,2,7,1,-1,1,0,0,8001892,Gate Off,0,0,0,"[{'no': 1, 'up_bound': 0, 'low_bound': 0, 'range_id': 8001892, 'range_label': 'Gate Off'}, {'no': 2, 'up_bound': 1, 'low_bound': 1, 'range_id': 8001894, 'range_label': 'Gate On'}]"
Freeze Frame Data,Fuel control,GCU GATE ON RQ,560,700,204,0,1,0x39FBC1,0x14,0x39,,1,2,1,2,6,1,-1,1,0,0,8001892,Gate Off,0,0,0,"[{'no': 1, 'up_bound': 0, 'low_bound': 0, 'range_id': 8001892, 'range_label': 'Gate Off'}, {'no': 2, 'up_bound': 1, 'low_bound': 1, 'range_id': 8001894, 'range_label': 'Gate On'}]"
Freeze Frame Data,Fuel control,FMCU GATE ON FB,570,500,205,0,1,0x39FBC1,0x14,0x39,,1,2,1,2,5,1,-1,1,0,0,8001892,Gate Off,0,0,0,"[{'no': 1, 'up_bound': 0, 'low_bound': 0, 'range_id': 8001892, 'range_label': 'Gate Off'}, {'no': 2, 'up_bound': 1, 'low_bound': 1, 'range_id': 8001894, 'range_label': 'Gate On'}]"
Freeze Frame Data,Fuel control,GCU GATE ON FB,580,690,206,0,1,0x39FBC1,0x14,0x39,,1,2,1,2,4,1,-1,1,0,0,8001892,Gate Off,0,0,0,"[{'no': 1, 'up_bound': 0, 'low_bound': 0, 'range_id': 8001892, 'range_label': 'Gate Off'}, {'no': 2, 'up_bound': 1, 'low_bound': 1, 'range_id': 8001894, 'range_label': 'Gate On'}]"
Freeze Frame Data,Fuel control,DISCHG ON RQ,590,70,207,0,1,0x39FBC1,0x14,0x39,,1,2,1,2,3,1,-1,1,0,0,8001891,Discharge Off,0,0,0,"[{'no': 1, 'up_bound': 0, 'low_bound': 0, 'range_id': 8001891, 'range_label': 'Discharge Off'}, {'no': 2, 'up_bound': 1, 'low_bound': 1, 'range_id': 8001893, 'range_label': 'Discharge On'}]"
Freeze Frame Data,Fuel control,DISCHG ON FB FMCU,600,50,208,0,1,0x39FBC1,0x14,0x39,,1,2,1,2,2,1,-1,1,0,0,8001891,Discharge Off,0,0,0,"[{'no': 1, 'up_bound': 0, 'low_bound': 0, 'range_id': 8001891, 'range_label': 'Discharge Off'}, {'no': 2, 'up_bound': 1, 'low_bound': 1, 'range_id': 8001893, 'range_label': 'Discharge On'}]"
Freeze Frame Data,Fuel control,DISCHG ON FB GCU,610,60,209,0,1,0x39FBC1,0x14,0x39,,1,2,1,2,1,1,-1,1,0,0,8001891,Discharge Off,0,0,0,"[{'no': 1, 'up_bound': 0, 'low_bound': 0, 'range_id': 8001891, 'range_label': 'Discharge Off'}, {'no': 2, 'up_bound': 1, 'low_bound': 1, 'range_id': 8001893, 'range_label': 'Discharge On'}]"
Freeze Frame Data,Fuel control,IGCT KEEP RQ PDU,620,850,210,0,1,0x39FBC1,0x14,0x39,,1,2,1,2,0,1,-1,1,0,0,1000003,OFF,0,0,0,"[{'no': 1, 'up_bound': 0, 'low_bound': 0, 'range_id': 1000003, 'range_label': 'OFF'}, {'no': 2, 'up_bound': 1, 'low_bound': 1, 'range_id': 1000004, 'range_label': 'ON'}]"
Freeze Frame Data,Fuel control,WP FAIL ON,630,1050,211,0,1,0x39FBC1,0x14,0x3A,,1,2,1,2,4,1,-1,1,0,0,22900836,No fail,0,0,0,"[{'no': 1, 'up_bound': 0, 'low_bound': 0, 'range_id': 22900836, 'range_label': 'No fail'}, {'no': 2, 'up_bound': 1, 'low_bound': 1, 'range_id': 11000011, 'range_label': 'Fail'}]"
Freeze Frame Data,Fuel control,P CONT ACTIVE,640,870,212,0,1,0x39FBC1,0x14,0x3A,,1,2,1,2,3,1,-1,1,0,0,8001918,No active,0,0,0,"[{'no': 1, 'up_bound': 0, 'low_bound': 0, 'range_id': 8001918, 'range_label': 'No active'}, {'no': 2, 'up_bound': 1, 'low_bound': 1, 'range_id': 3000271, 'range_label': 'Active'}]"
Freeze Frame Data,Fuel control,PDU CAN FAIL,650,880,213,0,1,0x39FBC1,0x14,0x3A,,1,2,1,2,2,1,-1,1,0,0,22900836,No fail,0,0,0,"[{'no': 1, 'up_bound': 0, 'low_bound': 0, 'range_id': 22900836, 'range_label': 'No fail'}, {'no': 2, 'up_bound': 1, 'low_bound': 1, 'range_id': 11000011, 'range_label': 'Fail'}]"
Freeze Frame Data,Fuel control,PDU FAIL ON,660,920,214,0,1,0x39FBC1,0x14,0x3A,,1,2,1,2,1,1,-1,1,0,0,22900836,No fail,0,0,0,"[{'no': 1, 'up_bound': 0, 'low_bound': 0, 'range_id': 22900836, 'range_label': 'No fail'}, {'no': 2, 'up_bound': 1, 'low_bound': 1, 'range_id': 11000011, 'range_label': 'Fail'}]"
Freeze Frame Data,Fuel control,PDU READY ON,670,940,215,0,1,0x39FBC1,0x14,0x3A,,1,2,1,2,0,1,-1,1,0,0,8001895,No ready,0,0,0,"[{'no': 1, 'up_bound': 0, 'low_bound': 0, 'range_id': 8001895, 'range_label': 'No ready'}, {'no': 2, 'up_bound': 1, 'low_bound': 1, 'range_id': 8001896, 'range_label': 'Ready'}]"
Freeze Frame Data,Fuel control,FMCU WARMDISCHG STAT,680,560,216,0,1,0x39FBC1,0x14,0x3B,,1,2,1,2,0,2,-1,1,0,0,8001919,Not complete,0,0,0,"[{'no': 1, 'up_bound': 0, 'low_bound': 0, 'range_id': 8001919, 'range_label': 'Not complete'}, {'no': 2, 'up_bound': 1, 'low_bound': 1, 'range_id': 8001903, 'range_label': 'Discharge enable'}, {'no': 3, 'up_bound': 2, 'low_bound': 2, 'range_id': 8001904, 'range_label': 'Discharge disable'}, {'no': 4, 'up_bound': 3, 'low_bound': 3, 'range_id': 8001905, 'range_label': 'Battery warm discharging'}]"
Freeze Frame Data,Fuel control,GCU WARMDISCHG STAT,690,750,217,0,1,0x39FBC1,0x14,0x3C,,1,2,1,2,0,2,-1,1,0,0,8001919,Not complete,0,0,0,"[{'no': 1, 'up_bound': 0, 'low_bound': 0, 'range_id': 8001919, 'range_label': 'Not complete'}, {'no': 2, 'up_bound': 1, 'low_bound': 1, 'range_id': 8001903, 'range_label': 'Discharge enable'}, {'no': 3, 'up_bound': 2, 'low_bound': 2, 'range_id': 8001904, 'range_label': 'Discharge disable'}, {'no': 4, 'up_bound': 3, 'low_bound': 3, 'range_id': 8001905, 'range_label': 'Battery warm discharging'}]"
Freeze Frame Data,Fuel control,EOP MODE RQ,700,450,218,0,1,0x39FBC1,0x14,0x3D,,1,2,1,2,0,2,-1,1,0,0,7000100,STOP,0,0,0,"[{'no': 1, 'up_bound': 0, 'low_bound': 0, 'range_id': 7000100, 'range_label': 'STOP'}, {'no': 2, 'up_bound': 1, 'low_bound': 1, 'range_id': 8001921, 'range_label': 'EXT COLD MODE'}, {'no': 3, 'up_bound': 2, 'low_bound': 2, 'range_id': 8001920, 'range_label': 'NOT DEFINED'}, {'no': 4, 'up_bound': 3, 'low_bound': 3, 'range_id': 8001917, 'range_label': 'NORMAL MODE'}]"
Freeze Frame Data,Fuel control,EOP DUTY RQ,710,110,219,0,1,0x39FBC1,0x14,0x3E,%,0,2,1,2,-1,-1,-1,1,0,0,0,,1,0,0,"[{'no': 1, 'up_bound': 0, 'low_bound': 0, 'range_id': 0, 'range_label': None}]"
Freeze Frame Data,Fuel control,EOP SPD RQ,720,470,220,0,1,0x39FBC1,0x14,0x3F,r/min,0,2,1,2,-1,-1,-1,1,0,0,0,,1,0,0,"[{'no': 1, 'up_bound': 0, 'low_bound': 0, 'range_id': 0, 'range_label': None}]"
Freeze Frame Data,Fuel control,EOP SPD,730,460,221,0,1,0x39FBC1,0x14,0x40,r/min,0,2,1,2,-1,-1,-1,1,0,0,0,,20,0,0,"[{'no': 1, 'up_bound': 0, 'low_bound': 0, 'range_id': 0, 'range_label': None}]"
Freeze Frame Data,Fuel control,EOP CURRENT,740,100,222,0,1,0x39FBC1,0x14,0x41,A,0,2,1,2,-1,-1,-1,1,0,0,0,,0.1,0,1,"[{'no': 1, 'up_bound': 0, 'low_bound': 0, 'range_id': 0, 'range_label': None}]"
Freeze Frame Data,Fuel control,EOP LOAD,750,440,223,0,1,0x39FBC1,0x14,0x42,,0,2,2,1,-1,-1,-1,1,0,0,0,,1,0,0,"[{'no': 1, 'up_bound': 0, 'low_bound': 0, 'range_id': 0, 'range_label': None}]"
Freeze Frame Data,Fuel control,EOP FAIL 8,760,120,224,0,1,0x39FBC1,0x14,0x43,,1,2,1,2,7,1,-1,1,0,0,22900836,No fail,0,0,0,"[{'no': 1, 'up_bound': 0, 'low_bound': 0, 'range_id': 22900836, 'range_label': 'No fail'}, {'no': 2, 'up_bound': 1, 'low_bound': 1, 'range_id': 11000011, 'range_label': 'Fail'}]"
Freeze Frame Data,Fuel control,EOP FAIL 7,770,230,225,0,1,0x39FBC1,0x14,0x43,,1,2,1,2,6,1,-1,1,0,0,22900836,No fail,0,0,0,"[{'no': 1, 'up_bound': 0, 'low_bound': 0, 'range_id': 22900836, 'range_label': 'No fail'}, {'no': 2, 'up_bound': 1, 'low_bound': 1, 'range_id': 11000011, 'range_label': 'Fail'}]"
Freeze Frame Data,Fuel control,EOP FAIL 6,780,340,226,0,1,0x39FBC1,0x14,0x43,,1,2,1,2,5,1,-1,1,0,0,22900836,No fail,0,0,0,"[{'no': 1, 'up_bound': 0, 'low_bound': 0, 'range_id': 22900836, 'range_label': 'No fail'}, {'no': 2, 'up_bound': 1, 'low_bound': 1, 'range_id': 11000011, 'range_label': 'Fail'}]"
Freeze Frame Data,Fuel control,EOP FAIL 5,790,380,227,0,1,0x39FBC1,0x14,0x43,,1,2,1,2,4,1,-1,1,0,0,22900836,No fail,0,0,0,"[{'no': 1, 'up_bound': 0, 'low_bound': 0, 'range_id': 22900836, 'range_label': 'No fail'}, {'no': 2, 'up_bound': 1, 'low_bound': 1, 'range_id': 11000011, 'range_label': 'Fail'}]"
Freeze Frame Data,Fuel control,EOP FAIL 4,800,390,228,0,1,0x39FBC1,0x14,0x43,,1,2,1,2,3,1,-1,1,0,0,22900836,No fail,0,0,0,"[{'no': 1, 'up_bound': 0, 'low_bound': 0, 'range_id': 22900836, 'range_label': 'No fail'}, {'no': 2, 'up_bound': 1, 'low_bound': 1, 'range_id': 11000011, 'range_label': 'Fail'}]"
Freeze Frame Data,Fuel control,EOP FAIL 3,810,400,229,0,1,0x39FBC1,0x14,0x43,,1,2,1,2,2,1,-1,1,0,0,22900836,No fail,0,0,0,"[{'no': 1, 'up_bound': 0, 'low_bound': 0, 'range_id': 22900836, 'range_label': 'No fail'}, {'no': 2, 'up_bound': 1, 'low_bound': 1, 'range_id': 11000011, 'range_label': 'Fail'}]"
Freeze Frame Data,Fuel control,EOP FAIL 2,820,410,230,0,1,0x39FBC1,0x14,0x43,,1,2,1,2,1,1,-1,1,0,0,22900836,No fail,0,0,0,"[{'no': 1, 'up_bound': 0, 'low_bound': 0, 'range_id': 22900836, 'range_label': 'No fail'}, {'no': 2, 'up_bound': 1, 'low_bound': 1, 'range_id': 11000011, 'range_label': 'Fail'}]"
Freeze Frame Data,Fuel control,EOP FAIL 1,830,420,231,0,1,0x39FBC1,0x14,0x43,,1,2,1,2,0,1,-1,1,0,0,22900836,No fail,0,0,0,"[{'no': 1, 'up_bound': 0, 'low_bound': 0, 'range_id': 22900836, 'range_label': 'No fail'}, {'no': 2, 'up_bound': 1, 'low_bound': 1, 'range_id': 11000011, 'range_label': 'Fail'}]"
Freeze Frame Data,Fuel control,EOP FAIL 16,840,430,232,0,1,0x39FBC1,0x14,0x44,,1,2,1,2,7,1,-1,1,0,0,22900836,No fail,0,0,0,"[{'no': 1, 'up_bound': 0, 'low_bound': 0, 'range_id': 22900836, 'range_label': 'No fail'}, {'no': 2, 'up_bound': 1, 'low_bound': 1, 'range_id': 11000011, 'range_label': 'Fail'}]"
Freeze Frame Data,Fuel control,EOP FAIL 15,850,130,233,0,1,0x39FBC1,0x14,0x44,,1,2,1,2,6,1,-1,1,0,0,22900836,No fail,0,0,0,"[{'no': 1, 'up_bound': 0, 'low_bound': 0, 'range_id': 22900836, 'range_label': 'No fail'}, {'no': 2, 'up_bound': 1, 'low_bound': 1, 'range_id': 11000011, 'range_label': 'Fail'}]"
Freeze Frame Data,Fuel control,EOP FAIL 14,860,140,234,0,1,0x39FBC1,0x14,0x44,,1,2,1,2,5,1,-1,1,0,0,22900836,No fail,0,0,0,"[{'no': 1, 'up_bound': 0, 'low_bound': 0, 'range_id': 22900836, 'range_label': 'No fail'}, {'no': 2, 'up_bound': 1, 'low_bound': 1, 'range_id': 11000011, 'range_label': 'Fail'}]"
Freeze Frame Data,Fuel control,EOP FAIL 13,870,150,235,0,1,0x39FBC1,0x14,0x44,,1,2,1,2,4,1,-1,1,0,0,22900836,No fail,0,0,0,"[{'no': 1, 'up_bound': 0, 'low_bound': 0, 'range_id': 22900836, 'range_label': 'No fail'}, {'no': 2, 'up_bound': 1, 'low_bound': 1, 'range_id': 11000011, 'range_label': 'Fail'}]"
Freeze Frame Data,Fuel control,EOP FAIL 12,880,160,236,0,1,0x39FBC1,0x14,0x44,,1,2,1,2,3,1,-1,1,0,0,22900836,No fail,0,0,0,"[{'no': 1, 'up_bound': 0, 'low_bound': 0, 'range_id': 22900836, 'range_label': 'No fail'}, {'no': 2, 'up_bound': 1, 'low_bound': 1, 'range_id': 11000011, 'range_label': 'Fail'}]"
Freeze Frame Data,Fuel control,EOP FAIL 11,890,170,237,0,1,0x39FBC1,0x14,0x44,,1,2,1,2,2,1,-1,1,0,0,22900836,No fail,0,0,0,"[{'no': 1, 'up_bound': 0, 'low_bound': 0, 'range_id': 22900836, 'range_label': 'No fail'}, {'no': 2, 'up_bound': 1, 'low_bound': 1, 'range_id': 11000011, 'range_label': 'Fail'}]"
Freeze Frame Data,Fuel control,EOP FAIL 10,900,180,238,0,1,0x39FBC1,0x14,0x44,,1,2,1,2,1,1,-1,1,0,0,22900836,No fail,0,0,0,"[{'no': 1, 'up_bound': 0, 'low_bound': 0, 'range_id': 22900836, 'range_label': 'No fail'}, {'no': 2, 'up_bound': 1, 'low_bound': 1, 'range_id': 11000011, 'range_label': 'Fail'}]"
Freeze Frame Data,Fuel control,EOP FAIL 9,910,190,239,0,1,0x39FBC1,0x14,0x44,,1,2,1,2,0,1,-1,1,0,0,22900836,No fail,0,0,0,"[{'no': 1, 'up_bound': 0, 'low_bound': 0, 'range_id': 22900836, 'range_label': 'No fail'}, {'no': 2, 'up_bound': 1, 'low_bound': 1, 'range_id': 11000011, 'range_label': 'Fail'}]"
Freeze Frame Data,Fuel control,EOP FAIL 24,920,200,240,0,1,0x39FBC1,0x14,0x45,,1,2,1,2,7,1,-1,1,0,0,22900836,No fail,0,0,0,"[{'no': 1, 'up_bound': 0, 'low_bound': 0, 'range_id': 22900836, 'range_label': 'No fail'}, {'no': 2, 'up_bound': 1, 'low_bound': 1, 'range_id': 11000011, 'range_label': 'Fail'}]"
Freeze Frame Data,Fuel control,EOP FAIL 23,930,210,241,0,1,0x39FBC1,0x14,0x45,,1,2,1,2,6,1,-1,1,0,0,22900836,No fail,0,0,0,"[{'no': 1, 'up_bound': 0, 'low_bound': 0, 'range_id': 22900836, 'range_label': 'No fail'}, {'no': 2, 'up_bound': 1, 'low_bound': 1, 'range_id': 11000011, 'range_label': 'Fail'}]"
Freeze Frame Data,Fuel control,EOP FAIL 22,940,220,242,0,1,0x39FBC1,0x14,0x45,,1,2,1,2,5,1,-1,1,0,0,22900836,No fail,0,0,0,"[{'no': 1, 'up_bound': 0, 'low_bound': 0, 'range_id': 22900836, 'range_label': 'No fail'}, {'no': 2, 'up_bound': 1, 'low_bound': 1, 'range_id': 11000011, 'range_label': 'Fail'}]"
Freeze Frame Data,Fuel control,EOP FAIL 21,950,240,243,0,1,0x39FBC1,0x14,0x45,,1,2,1,2,4,1,-1,1,0,0,22900836,No fail,0,0,0,"[{'no': 1, 'up_bound': 0, 'low_bound': 0, 'range_id': 22900836, 'range_label': 'No fail'}, {'no': 2, 'up_bound': 1, 'low_bound': 1, 'range_id': 11000011, 'range_label': 'Fail'}]"
Freeze Frame Data,Fuel control,EOP FAIL 20,960,250,244,0,1,0x39FBC1,0x14,0x45,,1,2,1,2,3,1,-1,1,0,0,22900836,No fail,0,0,0,"[{'no': 1, 'up_bound': 0, 'low_bound': 0, 'range_id': 22900836, 'range_label': 'No fail'}, {'no': 2, 'up_bound': 1, 'low_bound': 1, 'range_id': 11000011, 'range_label': 'Fail'}]"
Freeze Frame Data,Fuel control,EOP FAIL 19,970,260,245,0,1,0x39FBC1,0x14,0x45,,1,2,1,2,2,1,-1,1,0,0,22900836,No fail,0,0,0,"[{'no': 1, 'up_bound': 0, 'low_bound': 0, 'range_id': 22900836, 'range_label': 'No fail'}, {'no': 2, 'up_bound': 1, 'low_bound': 1, 'range_id': 11000011, 'range_label': 'Fail'}]"
Freeze Frame Data,Fuel control,EOP FAIL 18,980,270,246,0,1,0x39FBC1,0x14,0x45,,1,2,1,2,1,1,-1,1,0,0,22900836,No fail,0,0,0,"[{'no': 1, 'up_bound': 0, 'low_bound': 0, 'range_id': 22900836, 'range_label': 'No fail'}, {'no': 2, 'up_bound': 1, 'low_bound': 1, 'range_id': 11000011, 'range_label': 'Fail'}]"
Freeze Frame Data,Fuel control,EOP FAIL 17,990,280,247,0,1,0x39FBC1,0x14,0x45,,1,2,1,2,0,1,-1,1,0,0,22900836,No fail,0,0,0,"[{'no': 1, 'up_bound': 0, 'low_bound': 0, 'range_id': 22900836, 'range_label': 'No fail'}, {'no': 2, 'up_bound': 1, 'low_bound': 1, 'range_id': 11000011, 'range_label': 'Fail'}]"
Freeze Frame Data,Fuel control,EOP FAIL 32,1000,290,248,0,1,0x39FBC1,0x14,0x46,,1,2,1,2,7,1,-1,1,0,0,22900836,No fail,0,0,0,"[{'no': 1, 'up_bound': 0, 'low_bound': 0, 'range_id': 22900836, 'range_label': 'No fail'}, {'no': 2, 'up_bound': 1, 'low_bound': 1, 'range_id': 11000011, 'range_label': 'Fail'}]"
Freeze Frame Data,Fuel control,EOP FAIL 31,1010,300,249,0,1,0x39FBC1,0x14,0x46,,1,2,1,2,6,1,-1,1,0,0,22900836,No fail,0,0,0,"[{'no': 1, 'up_bound': 0, 'low_bound': 0, 'range_id': 22900836, 'range_label': 'No fail'}, {'no': 2, 'up_bound': 1, 'low_bound': 1, 'range_id': 11000011, 'range_label': 'Fail'}]"
Freeze Frame Data,Fuel control,EOP FAIL 30,1020,310,250,0,1,0x39FBC1,0x14,0x46,,1,2,1,2,5,1,-1,1,0,0,22900836,No fail,0,0,0,"[{'no': 1, 'up_bound': 0, 'low_bound': 0, 'range_id': 22900836, 'range_label': 'No fail'}, {'no': 2, 'up_bound': 1, 'low_bound': 1, 'range_id': 11000011, 'range_label': 'Fail'}]"
Freeze Frame Data,Fuel control,EOP FAIL 29,1030,320,251,0,1,0x39FBC1,0x14,0x46,,1,2,1,2,4,1,-1,1,0,0,22900836,No fail,0,0,0,"[{'no': 1, 'up_bound': 0, 'low_bound': 0, 'range_id': 22900836, 'range_label': 'No fail'}, {'no': 2, 'up_bound': 1, 'low_bound': 1, 'range_id': 11000011, 'range_label': 'Fail'}]"
Freeze Frame Data,Fuel control,EOP FAIL 28,1040,330,252,0,1,0x39FBC1,0x14,0x46,,1,2,1,2,3,1,-1,1,0,0,22900836,No fail,0,0,0,"[{'no': 1, 'up_bound': 0, 'low_bound': 0, 'range_id': 22900836, 'range_label': 'No fail'}, {'no': 2, 'up_bound': 1, 'low_bound': 1, 'range_id': 11000011, 'range_label': 'Fail'}]"
Freeze Frame Data,Fuel control,EOP FAIL 27,1050,350,253,0,1,0x39FBC1,0x14,0x46,,1,2,1,2,2,1,-1,1,0,0,22900836,No fail,0,0,0,"[{'no': 1, 'up_bound': 0, 'low_bound': 0, 'range_id': 22900836, 'range_label': 'No fail'}, {'no': 2, 'up_bound': 1, 'low_bound': 1, 'range_id': 11000011, 'range_label': 'Fail'}]"
Freeze Frame Data,Fuel control,EOP FAIL 26,1060,360,254,0,1,0x39FBC1,0x14,0x46,,1,2,1,2,1,1,-1,1,0,0,22900836,No fail,0,0,0,"[{'no': 1, 'up_bound': 0, 'low_bound': 0, 'range_id': 22900836, 'range_label': 'No fail'}, {'no': 2, 'up_bound': 1, 'low_bound': 1, 'range_id': 11000011, 'range_label': 'Fail'}]"
Freeze Frame Data,Fuel control,EOP FAIL 25,1070,370,255,0,1,0x39FBC1,0x14,0x46,,1,2,1,2,0,1,-1,1,0,0,22900836,No fail,0,0,0,"[{'no': 1, 'up_bound': 0, 'low_bound': 0, 'range_id': 22900836, 'range_label': 'No fail'}, {'no': 2, 'up_bound': 1, 'low_bound': 1, 'range_id': 11000011, 'range_label': 'Fail'}]"
ECU Information,Fuel control,ECU PART NUMBER,1,1,2,0,1,0x39FBC1,0x22,0xF012,,0,3,10,2,-1,-1,-1,,,,,,,,,[]
ECU Information,ECU information (items to be sent to the server),Software part number,1,1,117081,0,1,0x39FBC1,0x22,0xF012,,0,3,10,2,-1,-1,-1,,,,,,,,,[]
ECU Information,ECU information (items to be sent to the server),Hardware part number,2,2,117082,0,1,0x39FBC1,0x22,0xF1A1,,0,3,10,2,-1,-1,-1,,,,,,,,,[]
ECU Information,ECU information (items to be sent to the server),ECU serial number,3,3,117083,0,1,0x39FBC1,0x22,0xF18C,,0,3,-1,2,-1,-1,-1,,,,,,,,,[]
Actuator Test,1,Oil pump actuate(EV),1,1,261,263,1,0x39FBC1,0x2F,0xA000,,0,4,1,2,-1,-1,-1,,,,,,,,,[]
Actuator Test,1,-1,2,2,262,0,1,0x39FBC1,0x2F,0xA000,,,,,,,,,,,,,,,,,[]
Actuator Test,1,PDU OIL TEMP,1,1,265,271,1,0x39FBC1,0x22,0x113,°C,0,3,1,2,-1,-1,-1,1,0,0,0,,1,-40,0,"[{'no': 1, 'up_bound': 0, 'low_bound': 0, 'range_id': 0, 'range_label': None}]"
Actuator Test,1,EOP MODE RQ,2,2,266,272,1,0x39FBC1,0x22,0x13B,,1,3,1,2,0,2,-1,1,0,0,7000100,STOP,0,0,0,"[{'no': 1, 'up_bound': 0, 'low_bound': 0, 'range_id': 7000100, 'range_label': 'STOP'}, {'no': 2, 'up_bound': 1, 'low_bound': 1, 'range_id': 8001921, 'range_label': 'EXT COLD MODE'}, {'no': 3, 'up_bound': 2, 'low_bound': 2, 'range_id': 8001920, 'range_label': 'NOT DEFINED'}, {'no': 4, 'up_bound': 3, 'low_bound': 3, 'range_id': 8001917, 'range_label': 'NORMAL MODE'}]"
Actuator Test,1,EOP DUTY RQ,3,3,267,273,1,0x39FBC1,0x22,0x13C,%,0,3,1,2,-1,-1,-1,1,0,0,0,,1,0,0,"[{'no': 1, 'up_bound': 0, 'low_bound': 0, 'range_id': 0, 'range_label': None}]"
Actuator Test,1,EOP SPD RQ,4,4,268,274,1,0x39FBC1,0x22,0x13D,r/min,0,3,1,2,-1,-1,-1,1,0,0,0,,1,0,0,"[{'no': 1, 'up_bound': 0, 'low_bound': 0, 'range_id': 0, 'range_label': None}]"
Actuator Test,1,EOP SPD,5,5,269,275,1,0x39FBC1,0x22,0x13E,r/min,0,3,1,2,-1,-1,-1,1,0,0,0,,20,0,0,"[{'no': 1, 'up_bound': 0, 'low_bound': 0, 'range_id': 0, 'range_label': None}]"
Resolver Adjustment Value Writing,,-1,1,1,277,0,1,0x39FBC1,0x2E,0xE001,,0,3,3,2,-1,-1,-1,,,,,,,,,[]
Resolver Adjustment Value Writing,,-1,2,2,278,0,1,0x39FBC1,0x22,0xE001,,0,3,3,2,-1,-1,-1,,,,,,,,,[]
